{"alwaysOnTop":false,"backgroundColor":null,"basicAuthPassword":null,"basicAuthUsername":null,"bounce":false,"clearCache":false,"counter":false,"darwinDarkModeSupport":false,"disableGpu":false,"diskCacheSize":null,"enableEs3Apis":false,"fastQuit":false,"flashPluginDir":null,"fullScreen":false,"globalShortcuts":null,"height":800,"ignoreCertificate":false,"ignoreGpuBlacklist":false,"insecure":false,"internalUrls":null,"blockExternalUrls":false,"maximize":false,"name":"Bring Your Brolly!","nativefierVersion":"10.1.0","proxyRules":null,"showMenuBar":false,"singleInstance":false,"targetUrl":"https://bring-your-brolly-download.glitch.me/","titleBarStyle":null,"tray":false,"userAgent":"Mozilla/5.0 (Windows NT 10.0; Win64; x64) AppleWebKit/537.36 (KHTML, like Gecko) Chrome/85.0.4183.87 Safari/537.36","width":1280,"win32metadata":{},"zoom":1}